clientwodka,6b8b1953-669e-4b6e-a925-f4e3248f7777
diespigotplugins,700225be-8aee-41e2-9203-5c2129395383
moritzvalea,f567cff6-3c83-4861-b223-eec7cb9eaaad
dercollerlol_yt,b5eeb328-e579-49ee-9695-9924e1b3c990
stubbigamer1,b3b59760-ed0c-4c0d-8140-8a74ce635978
itzsimmi,4af04d56-2980-4872-ad54-bea617d37a87
d0ppe1gaenger,139273d1-479f-4bec-830e-08fb47c78f5a
nivashii_,bcd2418b-d191-4468-b70c-0c0474a111d1
stuglie,5afb634e-69ed-47fb-91ab-ddb38dabee1a
holloawaydood,3c8f3499-328a-4f41-b82e-7f91debaf3d9
gaminglpyt,9544e98b-cd59-4a25-a786-39b143496b83
baumsagthi,404f7444-6040-4de2-95c8-4b343f3f4d80
freehase,e622132a-5924-3854-941e-768c8a546aa9
xdgreen_y,f5719182-874c-4fe3-b89e-d301599e9fdb
elitefour,c05a421d-1520-4089-be16-42194fd57b62
greenhd2016,a9567d8f-ab03-4da3-aa51-ed2f25779be8
honigcrafter,01dd2006-0451-4d5d-b0f5-38a27ce9391f
toniberta00,2b734dc0-861d-4737-95d3-6aee3c459414
sams43,c8262ef0-f407-4ff5-8a01-a2c805bdf072
moriiicode_,793a600d-c9e3-4773-9636-f8227bb99d38
fernadeztv,bd8f6ca8-55b5-418c-a3e6-9b72d15af2bf
hacker_dev,b7db1135-7b09-44ca-b981-e9c4b2373493
freezy_tv,600a2fc5-45fc-48c4-8805-e6073e5036d3
shadowpxxlll,1f9e5193-9829-40e9-91e7-b7bb750c535f
wazzalaking,84dc03e0-2281-4291-8854-85c31a1525b6
101procraft,1955fc7d-0dd4-4ee9-84b7-90272d950a9f
hinzufugen,7e467a88-00b8-4d4c-af07-7c8b806ea456
liidaru,c78af444-40ca-49e0-86a4-79e1c4672c13
_4_lnotch,efd055af-6ecf-3fa5-9fdd-1d16a850fc15
dasgewichtii,1df69f51-9263-3d60-88dc-57eefc8b7f5b
hobbitcode,6fbdf575-3a8c-4b72-ad71-ee605651a524
itsquexxi,d25cd389-bb00-4d74-bc6e-bf0e2159a7d1
kirito2504,80606ccd-a13d-4ddc-bc78-eb55db1f4beb
indigostar786,ef8bff10-8bfe-4c0a-a98d-bc5a662fa28c
king_kings,599bc256-cf77-4b73-8a1b-a19300a68df5
tabo,4ac88124-e252-4864-b5d2-ec3fe7160424
knirpskeimyt,f0126135-4787-4419-aa36-71b346f822ff
ledansyl,3884e466-06ef-4f3f-93b6-59f9df9d342f
jan7483h,0e3da6f8-de2a-4291-8e36-be93ce13f5fe
bear_alola,f3cb40bc-fe93-43cf-81dd-b171ae122536
yukihai,cb42b057-5f9e-403d-bb77-e62de5eeaab7
cheese_nugget,68980420-0cc9-46e7-8c40-b8e7a2578dca
magicwizurd,957d1862-b632-4cca-8194-bb6fc8e78007
wolfgangvancolt,8cad786c-c951-488f-86ed-add79ce22279
liljanna,e1451d7d-f59a-4b4f-92b2-4450580bacbf
skripptx,7f99a18e-8db7-488d-9bb3-a78008a90f0f
aimha,362b698b-f97a-4146-bb6e-584ac508b463
showdirzon,0413a840-fe5f-40cd-8937-fced523b5cf4
bluefighter_10,7fc9d98f-9bed-41ec-9c8c-da326aa7b81c
todesengel_,08a7c350-6302-44fc-a4af-214f20a22020
minicraft_248,3c948c1c-6d4f-435e-bdc8-9e927cc7e669
byreplexyt,fee47c7e-8799-4e99-b7ce-832f4d0327c9
pustiii,30bb1f67-1a2d-488f-a881-2e8a877b4a30
topslordthetiger,fb49b11e-a700-49b2-b4c3-39356c23792d
duschnixhd,cfc96a74-7c44-42be-baf9-679f6a6236b4
pxxlll,1f9e5193-9829-40e9-91e7-b7bb750c535f
jxstemi,26b9528d-1c14-4fb5-aca9-4c72c0330304
meloveminekraft,7607f6a7-034b-4fd9-ac84-8c3ff2b5c372
sudo_apt_install,0979b281-b525-403a-a6f1-e0e5e90f5c25
alyankovic,73f1764c-b89a-4b22-90e6-ce89b026d8cf
f_eli_x,64110471-4a6d-4e03-b9d0-ea1d53862cc6
florianratzebub,da1d93e4-bb03-41c4-a04a-7dcb814050ae
kalletik,0b47f076-f170-4f07-aa06-4c7d996aec48
seriouseric,15f1f612-1d1a-47f1-b379-8b55cf9e8bca
shirley2k17,5af2a3b6-3fc4-4c87-8faa-32cf000757b9
zerterxx,4e36359c-2081-44d4-a64a-6610013db46b
thegamer5801,644c4924-8a0d-4eeb-af0b-20580e3e1de3
tommybommy_,8b150465-9779-4d25-b469-3ffb1b82e799
bluenori,d8e4973c-57ad-4aad-92cc-c03a07366d41
blackboy024,18b61190-9f64-42b7-a427-3d440e7b09f9
blxckkarl_3d,13233136-498e-4881-960c-4b0e332f463e
sweet_lapis,ff891eb3-8494-4265-94a0-debd1a0834ce
ichbinstim1949,99a075a5-68d3-40be-8a71-d106c7d6c662
old_gregg,c640f343-9cb2-343a-ba27-3eac54125d40
e9_sandro,d12832ed-06b1-43d0-8dac-b3307f6a2050
zimbxses,a37cee37-e1e3-4d6c-a9ee-be7cab39d984
notclaire,84baf8dc-8a96-49a5-8187-1a616a6444d8
minecraft,9c45ca93-3d48-3de5-a933-e664ce8bfda7
sonysonicyt,38f4947e-c6a4-41eb-a5c8-4135c2d36265
adminevil2020,ed4d93d6-0616-46a4-b759-b2776fbc858b
devcore,39816dd3-66fc-3997-8ffa-aa25985d88f1
mori0,09123d68-28f4-4ad5-b986-971ec711af17
_coreartz_,26fa5aae-8450-4b49-8b36-49fdd518eab2
adminkiller,dd9f0e76-4820-4235-8e52-548d36e5c622
skrylor,ff4fcef8-c62f-4e0d-a939-e9b4d0b39001
manugun,9ce44ca4-9fc6-4fe2-87ee-6e67839d332e
leunam123,b0d5b280-fd30-4d54-abde-ab16248dc1cc
owner,e07dc330-cb9f-34d0-b06c-7bb7282b33c4
alexanderp2004,f7606435-849d-4bba-b30a-a0c1a77f2a28
ichmagkekse2,4f607edd-7afa-4ea8-9243-2f344513e879
blackboy24,b751bbac-dac0-4852-b703-c8d5993107c8
lordthetiger,8921c6a9-53e6-43e0-b1a2-b8c55d76a064
aspiirin,9795a059-6ac1-4544-b791-01550ba7c100
joko5555,f4c4edb9-be4e-49e5-ae39-0ad3180a8af5
1whitewolf15,d4636213-bbab-37b3-88bd-d8c82edf7d03
dj_brain,1a435d65-a343-44b8-aa39-3e3cab8eecbb
